method,family,operating_point,device,cr,bpppc,mse,mae,psnr,pae,sa,enc_time_s,dec_time_s,throughput_mbs,num_samples_measured
hycass_cr004_spatial0x_n1024,lossy,archCR=4.1,gpu,4.110992158791702,7.784009009009013,2791.783490130756,33.43060224286787,45.913905363141424,1127.8333333333333,1.9293049737365626,0.005168374420868026,0.007730905104566504,221.1589239601422,54
hycass_cr016_spatial0x_n1024,lossy,archCR=15.9,gpu,15.855373284231659,2.0182432432432447,130780.48949856109,268.7940403945612,28.910116466762027,3222.8333333333335,11.836926423423963,0.004549175086948607,0.007236875179741118,241.51870241465664,54
hycass_cr050_spatial0x_n1024,lossy,archCR=55.5,gpu,55.47832877782108,0.5768018018018024,125244.11498321238,257.8534049674675,29.106268612592107,3206.6111111111113,11.761723154249069,0.004508881588225011,0.007061476646750061,246.31740307391294,54
hycass_cr101_spatial2x_n128,lossy,archCR=104.5,gpu,104.39382806759743,0.3065315315315314,24364.65907055493,107.83009616387223,36.24087783081843,2131.1111111111113,4.234240427085629,0.010031080494324366,0.011103301895437416,134.86265520383532,54
hycass_cr444_spatial2x_n128,lossy,archCR=444.0,gpu,442.6168224299069,0.0722972972972973,112428.72666656239,237.40119624833164,29.587911888738805,3476.9814814814813,6.6306986616829855,0.010242046236439987,0.011325411015638599,131.96343850846844,54
hycass_cr888_spatial2x_n128,lossy,archCR=888.0,gpu,882.4844720496906,0.036261261261261224,187035.4484983682,312.0794295076326,27.375900435836623,4363.222222222223,8.163292805331663,0.010316217456150937,0.011715599439210363,129.28141533641363,54
